split,loss,accuracy,ternary_accuracy,binary_accuracy,num_samples
train,0.6240599956943891,0.7841604237776497,0.9507125759120528,0.9693502439482354,360944.0
val,0.867141473281842,0.7040831048910691,0.9108834703986919,0.9345326314713548,20793.0
test,0.8560126102483291,0.7090813723386501,0.9141215459075411,0.9369665134602758,41943.0
